{
  "5613064149": {
    "cc_image": "cc1",
    "name": "Vaishali Gohel",
    "card_number": "XXXX-XXXX-XXXX-9010",
    "card_type": "Visa",
    "authCode": 0,
    "cc_info": {
      "logoText": "myBestBuy Debit Card",
      "generic": {
        "backFields": [{ "value": 535, "key": "numberStyle", "label": "CVC" }],
        "auxiliaryFields": [
          {
            "value": "4000 1234 5678 9010",
            "key": "number",
            "label": "CARD NUMBER"
          },
          {
            "textAlignment": "PKTextAlignmentRight",
            "value": "09/17",
            "key": "expiration",
            "label": "VALID THRU"
          }
        ],
        "secondaryFields": [
          { "value": "08/13", "key": "subtitle", "label": "CUSTOMER SINCE" }
        ],
        "primaryFields": [{ "value": "Viashali Gohel", "key": "customer" }]
      },
      "organizationName": "My Best Buy",
      "description": "PSCU Debit Card",
      "backgroundColor": "rgb(11, 85, 157)"
    },
    "activated": false,
    "address": "5404 Martin Ave. Bldg. A",
    "cvc": "535"
  },
  "8503160444": {
    "cc_image": "cc5",
    "name": "Scott Moore",
    "card_number": "XXXX-XXXX-XXXX-5432",
    "card_type": "MasterCard",
    "authCode": 0,
    "cc_info": {
      "logoText": "barclaycard",
      "generic": {
        "backFields": [{ "value": 245, "key": "numberStyle", "label": "CVC" }],
        "auxiliaryFields": [
          {
            "value": "5476 7678 9876 5432",
            "key": "number",
            "label": "CARD NUMBER"
          },
          {
            "textAlignment": "PKTextAlignmentRight",
            "value": "01/18",
            "key": "expiration",
            "label": "VALID THRU"
          }
        ],
        "secondaryFields": [
          { "value": "01/14", "key": "subtitle", "label": "CUSTOMER SINCE" }
        ],
        "primaryFields": [{ "value": "Scott Moore", "key": "customer" }]
      },
      "organizationName": "barclaycard",
      "description": "PSCU Debit Card",
      "backgroundColor": "rgb(3, 130, 173)"
    },
    "activated": false,
    "address": "7453 T G Lee Blvd",
    "cvc": "245"
  },
  "8326221587": {
    "cc_image": "cc2",
    "name": "Nolan Corcoran",
    "card_number": "XXXX-XXXX-XXXX-5678",
    "card_type": "Visa",
    "authCode": "461524",
    "cc_info": {
      "logoText": "PSECU Debit Card",
      "generic": {
        "backFields": [{ "value": 198, "key": "numberStyle", "label": "CVC" }],
        "auxiliaryFields": [
          {
            "value": "4020 3400 0234 5678",
            "key": "number",
            "label": "CARD NUMBER"
          },
          {
            "textAlignment": "PKTextAlignmentRight",
            "value": "01/19",
            "key": "expiration",
            "label": "VALID THRU"
          }
        ],
        "secondaryFields": [
          { "value": "11/13", "key": "subtitle", "label": "CUSTOMER SINCE" }
        ],
        "primaryFields": [{ "value": "Nolan Corcoran", "key": "customer" }]
      },
      "organizationName": "PSECU",
      "description": "PSCU Debit Card",
      "backgroundColor": "rgb(25, 79, 152)"
    },
    "activated": true,
    "address": "700 Nelray Blvd. APT 202",
    "cvc": "198"
  },
  "5712131996": {
    "cc_image": "cc4",
    "name": "Andrew Holland",
    "card_number": "XXXX-XXXX-XXXX-9010",
    "card_type": "Visa",
    "authCode": 0,
    "cc_info": {
      "logoText": "OpenSky Debit Card",
      "generic": {
        "backFields": [{ "value": 563, "key": "numberStyle", "label": "CVC" }],
        "auxiliaryFields": [
          {
            "value": "4000 1234 5678 9010",
            "key": "number",
            "label": "CARD NUMBER"
          },
          {
            "textAlignment": "PKTextAlignmentRight",
            "value": "03/20",
            "key": "expiration",
            "label": "GOOD THRU"
          }
        ],
        "secondaryFields": [
          { "value": "06/11", "key": "subtitle", "label": "CUSTOMER SINCE" }
        ],
        "primaryFields": [{ "value": "Andrew Holland", "key": "customer" }]
      },
      "organizationName": "OpenSky",
      "description": "PSCU Debit Card",
      "backgroundColor": "rgb(93, 105, 131)"
    },
    "activated": false,
    "address": "1015 15th St NW #200",
    "cvc": "563"
  },
  "4257667637": {
    "cc_image": "cc3",
    "name": "Danny Cahoon",
    "card_number": "XXXX-XXXX-XXXX-7890",
    "card_type": "MasterCard",
    "authCode": 0,
    "cc_info": {
      "logoText": "BB&B Debit Card",
      "generic": {
        "backFields": [{ "value": 928, "key": "numberStyle", "label": "CVC" }],
        "auxiliaryFields": [
          {
            "value": "5412 7512 3456 7890",
            "key": "number",
            "label": "CARD NUMBER"
          },
          {
            "textAlignment": "PKTextAlignmentRight",
            "value": "10/21",
            "key": "expiration",
            "label": "VALID THRU"
          }
        ],
        "secondaryFields": [
          { "value": "05/09", "key": "subtitle", "label": "CUSTOMER SINCE" }
        ],
        "primaryFields": [{ "value": "Danny Cahoon", "key": "customer" }]
      },
      "organizationName": "Bed Bath & Beyond",
      "description": "PSCU Debit Card",
      "backgroundColor": "rgb(33, 38, 96)"
    },
    "activated": false,
    "address": "55 Monument Circle Suite 300",
    "cvc": "928"
  },
  "7049647639": {
    "cc_image": "cc6",
    "name": "John Dwyer",
    "card_number": "XXXX-XXXX-XXXX-0987",
    "card_type": "MasterCard",
    "authCode": 0,
    "cc_info": {
      "logoText": "FTB Debit Card",
      "generic": {
        "backFields": [{ "value": 493, "key": "numberStyle", "label": "CVC" }],
        "auxiliaryFields": [
          {
            "value": "5412 7501 2345 0987",
            "key": "number",
            "label": "CARD NUMBER"
          },
          {
            "textAlignment": "PKTextAlignmentRight",
            "value": "01/18",
            "key": "expiration",
            "label": "VALID THRU"
          }
        ],
        "secondaryFields": [
          { "value": "01/14", "key": "subtitle", "label": "CUSTOMER SINCE" }
        ],
        "primaryFields": [{ "value": "John Dwyer", "key": "customer" }]
      },
      "organizationName": "Fifth Third Bank",
      "description": "PSCU Debit Card",
      "backgroundColor": "rgb(196, 134, 33)"
    },
    "activated": false,
    "address": "Brixham Green One 15801 Brixham Hill Avenue",
    "cvc": "493"
  }
}
